Mois;Qualité;Territoire;Production totale;Consommation totale;Solde exportateur
0000-00;Données consolidées;Grand-Est;7296;3364;3876
0000-00;Données définitives;Nouvelle-Aquitaine;4523;3222;1300
0000-00;Données définitives;Auvergne-Rhône-Alpes;8890;5010;3658
0000-00;Données définitives;Bourgogne-Franche-Comté;152;1533;-1383
0000-00;Données définitives;Bretagne;197;1493;-1300
0000-00;Données définitives;Centre-Val de Loire;6346;1299;5047
0000-00;Données définitives;France;41255;34585;6011
0000-00;Données définitives;Ile-de-France;148;4902;-4753
0000-00;Données définitives;Occitanie;2398;2923;-688
0000-00;Données définitives;Normandie;5554;1924;3629
0000-00;Données définitives;Hauts-de-France;3637;3595;42
0000-00;Données définitives;PACA;1265;3206;-1941
0000-00;Données définitives;Pays-de-la-Loire;712;1930;-1217
2010-01;Données consolidées;France;56542;56342;-489
2010-02;Données consolidées;France;50406;48698;1008
2010-03;Données consolidées;France;51071;48294;2044
2010-04;Données consolidées;France;41693;38637;2484
2010-05;Données consolidées;France;39847;37284;2075
2010-06;Données consolidées;France;40217;34567;5187
2010-07;Données consolidées;France;41064;36031;4489
2010-08;Données consolidées;France;39499;33069;5796
2010-09;Données consolidées;France;39218;35104;3511
2010-10;Données consolidées;France;42116;40918;450
2010-11;Données consolidées;France;49444;46532;2212
2010-12;Données consolidées;France;58966;57600;685
2011-01;Données consolidées;France;58226;53873;3583
2011-02;Données consolidées;France;50392;45937;3795
2011-03;Données consolidées;France;50698;45543;4522
2011-04;Données consolidées;France;41028;35442;4984
2011-05;Données consolidées;France;41071;35107;5257
2011-06;Données consolidées;France;40353;33771;5968
2011-07;Données consolidées;France;40905;34204;6058
2011-08;Données consolidées;France;38497;32625;5211
2011-09;Données consolidées;France;38968;34230;4141
2011-10;Données consolidées;France;42435;37977;3719
2011-11;Données consolidées;France;46277;41837;3756
2011-12;Données consolidées;France;53647;48241;4732
2012-01;Données consolidées;France;57177;51086;5371
2012-02;Données consolidées;France;54419;54476;-715
2012-03;Données consolidées;France;48583;43156;4888
2012-04;Données consolidées;France;44192;40176;3447
2012-05;Données consolidées;France;40433;35257;4425
2012-06;Données consolidées;France;37518;33219;3648
2012-07;Données consolidées;France;37910;34141;3216
2012-08;Données consolidées;France;36339;32247;3561
2012-09;Données consolidées;France;38035;33269;4054
2012-10;Données consolidées;France;42987;38628;3625
2012-11;Données consolidées;France;49228;44260;4355
2012-12;Données consolidées;France;54715;49602;4367
2013-01;Données consolidées;Grand-Est;9924;0;0
2013-01;Données définitives;Nouvelle-Aquitaine;5644;0;0
2013-01;Données définitives;Auvergne-Rhône-Alpes;13119;0;0
2013-01;Données définitives;Bourgogne-Franche-Comté;403;0;0
2013-01;Données définitives;Bretagne;246;0;0
2013-01;Données définitives;Centre-Val de Loire;7965;0;
2013-01;Données définitives;France;57739;53619;3484
2013-01;Données définitives;Ile-de-France;870;0;
2013-01;Données définitives;Occitanie;3450;0;
2013-01;Données définitives;Normandie;8304;0;
2013-01;Données définitives;Hauts-de-France;4786;0;
2013-01;Données définitives;PACA;1941;0;
2013-01;Données définitives;Pays-de-la-Loire;933;0;
2013-02;Données consolidées;Grand-Est;9057;0;0
2013-02;Données définitives;Nouvelle-Aquitaine;5313;0;0
2013-02;Données définitives;Auvergne-Rhône-Alpes;11499;0;0
2013-02;Données définitives;Bourgogne-Franche-Comté;378;0;0
2013-02;Données définitives;Bretagne;241;0;0
2013-02;Données définitives;Centre-Val de Loire;7261;0;
2013-02;Données définitives;France;52257;49639;2132
2013-02;Données définitives;Ile-de-France;779;0;
2013-02;Données définitives;Occitanie;3491;0;
2013-02;Données définitives;Normandie;7152;0;
2013-02;Données définitives;Hauts-de-France;4072;0;
2013-02;Données définitives;PACA;1817;0;
2013-02;Données définitives;Pays-de-la-Loire;1046;0;
2013-03;Données consolidées;Grand-Est;9500;0;0
2013-03;Données définitives;Nouvelle-Aquitaine;5255;0;0
2013-03;Données définitives;Auvergne-Rhône-Alpes;11129;0;0
2013-03;Données définitives;Bourgogne-Franche-Comté;339;0;0
2013-03;Données définitives;Bretagne;249;0;0
2013-03;Données définitives;Centre-Val de Loire;7083;0;
2013-03;Données définitives;France;51882;49480;1733
2013-03;Données définitives;Ile-de-France;886;0;
2013-03;Données définitives;Occitanie;3648;0;
2013-03;Données définitives;Normandie;7126;0;
2013-03;Données définitives;Hauts-de-France;3669;0;
2013-03;Données définitives;PACA;1875;0;
2013-03;Données définitives;Pays-de-la-Loire;954;0;
2013-04;Données consolidées;Grand-Est;8815;0;0
2013-04;Données définitives;Nouvelle-Aquitaine;3548;0;0
2013-04;Données définitives;Auvergne-Rhône-Alpes;10532;0;0
2013-04;Données définitives;Bourgogne-Franche-Comté;178;0;0
2013-04;Données définitives;Bretagne;239;0;0
2013-04;Données définitives;Centre-Val de Loire;5652;0;
2013-04;Données définitives;France;44117;40292;3211
2013-04;Données définitives;Ile-de-France;291;0;
2013-04;Données définitives;Occitanie;3411;0;
2013-04;Données définitives;Normandie;5919;0;
2013-04;Données définitives;Hauts-de-France;2902;0;
2013-04;Données définitives;PACA;1873;0;
2013-04;Données définitives;Pays-de-la-Loire;609;0;
2013-05;Données consolidées;Grand-Est;8500;0;0
2013-05;Données définitives;Nouvelle-Aquitaine;3139;0;0
2013-05;Données définitives;Auvergne-Rhône-Alpes;11456;0;0
2013-05;Données définitives;Bourgogne-Franche-Comté;188;0;0
2013-05;Données définitives;Bretagne;186;0;0
2013-05;Données définitives;Centre-Val de Loire;5699;0;
2013-05;Données définitives;France;43377;36821;5722
2013-05;Données définitives;Ile-de-France;141;0;
2013-05;Données définitives;Occitanie;3672;0;
2013-05;Données définitives;Normandie;5021;0;
2013-05;Données définitives;Hauts-de-France;2988;0;
2013-05;Données définitives;PACA;1931;0;
2013-05;Données définitives;Pays-de-la-Loire;327;0;
2013-06;Données consolidées;Grand-Est;7282;0;0
2013-06;Données définitives;Nouvelle-Aquitaine;3521;0;0
2013-06;Données définitives;Auvergne-Rhône-Alpes;9750;0;0
2013-06;Données définitives;Bourgogne-Franche-Comté;147;0;0
2013-06;Données définitives;Bretagne;177;0;0
2013-06;Données définitives;Centre-Val de Loire;4883;0;
2013-06;Données définitives;France;39337;32973;5627
2013-06;Données définitives;Ile-de-France;192;0;
2013-06;Données définitives;Occitanie;3082;0;
2013-06;Données définitives;Normandie;5141;0;
2013-06;Données définitives;Hauts-de-France;3128;0;
2013-06;Données définitives;PACA;1643;0;
2013-06;Données définitives;Pays-de-la-Loire;285;0;
2013-07;Données consolidées;Grand-Est;8095;0;0
2013-07;Données définitives;Nouvelle-Aquitaine;3259;0;0
2013-07;Données définitives;Auvergne-Rhône-Alpes;9153;0;0
2013-07;Données définitives;Bourgogne-Franche-Comté;113;0;0
2013-07;Données définitives;Bretagne;167;0;0
2013-07;Données définitives;Centre-Val de Loire;5463;0;
2013-07;Données définitives;France;40850;34751;5453
2013-07;Données définitives;Ile-de-France;213;0;
2013-07;Données définitives;Occitanie;2874;0;
2013-07;Données définitives;Normandie;6070;0;
2013-07;Données définitives;Hauts-de-France;3617;0;
2013-07;Données définitives;PACA;1390;0;
2013-07;Données définitives;Pays-de-la-Loire;304;0;
2013-08;Données consolidées;Grand-Est;7615;0;0
2013-08;Données définitives;Nouvelle-Aquitaine;3608;0;0
2013-08;Données définitives;Auvergne-Rhône-Alpes;8779;0;0
2013-08;Données définitives;Bourgogne-Franche-Comté;104;0;0
2013-08;Données définitives;Bretagne;145;0;0
2013-08;Données définitives;Centre-Val de Loire;4385;0;
2013-08;Données définitives;France;38428;31591;6171
2013-08;Données définitives;Ile-de-France;206;0;
2013-08;Données définitives;Occitanie;1858;0;
2013-08;Données définitives;Normandie;6713;0;
2013-08;Données définitives;Hauts-de-France;3148;0;
2013-08;Données définitives;PACA;1209;0;
2013-08;Données définitives;Pays-de-la-Loire;520;0;
2013-09;Données consolidées;Grand-Est;7622;0;0
2013-09;Données définitives;Nouvelle-Aquitaine;4057;0;0
2013-09;Données définitives;Auvergne-Rhône-Alpes;8236;0;0
2013-09;Données définitives;Bourgogne-Franche-Comté;209;0;0
2013-09;Données définitives;Bretagne;140;0;0
2013-09;Données définitives;Centre-Val de Loire;4336;0;
2013-09;Données définitives;France;38604;33195;4705
2013-09;Données définitives;Ile-de-France;295;0;
2013-09;Données définitives;Occitanie;2446;0;
2013-09;Données définitives;Normandie;6200;0;
2013-09;Données définitives;Hauts-de-France;3020;0;
2013-09;Données définitives;PACA;1304;0;
2013-09;Données définitives;Pays-de-la-Loire;643;0;
2013-10;Données consolidées;Grand-Est;7614;0;0
2013-10;Données définitives;Nouvelle-Aquitaine;4592;0;0
2013-10;Données définitives;Auvergne-Rhône-Alpes;8876;0;0
2013-10;Données définitives;Bourgogne-Franche-Comté;161;0;0
2013-10;Données définitives;Bretagne;217;0;0
2013-10;Données définitives;Centre-Val de Loire;4701;0;
2013-10;Données définitives;France;41761;37063;3873
2013-10;Données définitives;Ile-de-France;323;0;
2013-10;Données définitives;Occitanie;2764;0;
2013-10;Données définitives;Normandie;6568;0;
2013-10;Données définitives;Hauts-de-France;3844;0;
2013-10;Données définitives;PACA;1292;0;
2013-10;Données définitives;Pays-de-la-Loire;724;0;
2013-11;Données consolidées;Grand-Est;10040;0;0
2013-11;Données définitives;Nouvelle-Aquitaine;4260;0;0
2013-11;Données définitives;Auvergne-Rhône-Alpes;10312;0;0
2013-11;Données définitives;Bourgogne-Franche-Comté;268;0;0
2013-11;Données définitives;Bretagne;263;0;0
2013-11;Données définitives;Centre-Val de Loire;6099;0;
2013-11;Données définitives;France;48527;45310;2381
2013-11;Données définitives;Ile-de-France;569;0;
2013-11;Données définitives;Occitanie;2836;0;
2013-11;Données définitives;Normandie;7104;0;
2013-11;Données définitives;Hauts-de-France;4317;0;
2013-11;Données définitives;PACA;1466;0;
2013-11;Données définitives;Pays-de-la-Loire;864;0;
2013-12;Données consolidées;Grand-Est;10172;0;0
2013-12;Données définitives;Nouvelle-Aquitaine;3847;0;0
2013-12;Données définitives;Auvergne-Rhône-Alpes;12264;0;0
2013-12;Données définitives;Bourgogne-Franche-Comté;219;0;0
2013-12;Données définitives;Bretagne;306;0;0
2013-12;Données définitives;Centre-Val de Loire;7310;0;
2013-12;Données définitives;France;53564;50108;2653
2013-12;Données définitives;Ile-de-France;568;0;
2013-12;Données définitives;Occitanie;3297;0;
2013-12;Données définitives;Normandie;8105;0;
2013-12;Données définitives;Hauts-de-France;5233;0;
2013-12;Données définitives;PACA;1296;0;
2013-12;Données définitives;Pays-de-la-Loire;798;0;
2014-01;Données consolidées;Grand-Est;10126;4594;5431
2014-01;Données définitives;Nouvelle-Aquitaine;4688;4501;187
2014-01;Données définitives;Auvergne-Rhône-Alpes;13001;6693;5858
2014-01;Données définitives;Bourgogne-Franche-Comté;301;2158;-1857
2014-01;Données définitives;Bretagne;345;2390;-2050
2014-01;Données définitives;Centre-Val de Loire;8353;2034;6318
2014-01;Données définitives;France;55975;49359;5679
2014-01;Données définitives;Ile-de-France;455;7612;-7156
2014-01;Données définitives;Occitanie;3517;3831;-526
2014-01;Données définitives;Normandie;7972;2869;5102
2014-01;Données définitives;Hauts-de-France;5111;5239;-128
2014-01;Données définitives;PACA;1389;4314;-2931
2014-01;Données définitives;Pays-de-la-Loire;563;2875;-2312
2014-02;Données consolidées;Grand-Est;9473;4173;5196
2014-02;Données définitives;Nouvelle-Aquitaine;4762;4184;578
2014-02;Données définitives;Auvergne-Rhône-Alpes;11323;6013;4940
2014-02;Données définitives;Bourgogne-Franche-Comté;238;1940;-1702
2014-02;Données définitives;Bretagne;347;2160;-1816
2014-02;Données définitives;Centre-Val de Loire;7353;1837;5516
2014-02;Données définitives;France;49555;44580;4138
2014-02;Données définitives;Ile-de-France;307;6749;-6442
2014-02;Données définitives;Occitanie;3670;3467;5
2014-02;Données définitives;Normandie;5807;2600;3206
2014-02;Données définitives;Hauts-de-France;4414;4692;-278
2014-02;Données définitives;PACA;1347;3931;-2585
2014-02;Données définitives;Pays-de-la-Loire;366;2618;-2251
2014-03;Données consolidées;Grand-Est;8666;4075;4493
2014-03;Données définitives;Nouvelle-Aquitaine;5161;3993;1168
2014-03;Données définitives;Auvergne-Rhône-Alpes;10828;5965;4504
2014-03;Données définitives;Bourgogne-Franche-Comté;217;1891;-1673
2014-03;Données définitives;Bretagne;264;2084;-1823
2014-03;Données définitives;Centre-Val de Loire;7392;1736;5656
2014-03;Données définitives;France;48290;43104;4354
2014-03;Données définitives;Ile-de-France;406;6509;-6102
2014-03;Données définitives;Occitanie;3984;3306;491
2014-03;Données définitives;Normandie;5183;2532;2651
2014-03;Données définitives;Hauts-de-France;3908;4608;-700
2014-03;Données définitives;PACA;1471;3694;-2227
2014-03;Données définitives;Pays-de-la-Loire;661;2495;-1833
2014-04;Données consolidées;Grand-Est;6509;3523;2888
2014-04;Données définitives;Nouvelle-Aquitaine;4667;3237;1429
2014-04;Données définitives;Auvergne-Rhône-Alpes;9143;5139;3705
2014-04;Données définitives;Bourgogne-Franche-Comté;102;1621;-1518
2014-04;Données définitives;Bretagne;182;1746;-1565
2014-04;Données définitives;Centre-Val de Loire;6551;1486;5065
2014-04;Données définitives;France;40826;36331;3821
2014-04;Données définitives;Ile-de-France;206;5396;-5190
2014-04;Données définitives;Occitanie;3220;2664;461
2014-04;Données définitives;Normandie;5738;2169;3569
2014-04;Données définitives;Hauts-de-France;2436;4025;-1589
2014-04;Données définitives;PACA;1442;3064;-1627
2014-04;Données définitives;Pays-de-la-Loire;494;2099;-1604
2014-05;Données consolidées;Grand-Est;7280;3447;3739
2014-05;Données définitives;Nouvelle-Aquitaine;4222;3100;1122
2014-05;Données définitives;Auvergne-Rhône-Alpes;9448;4858;4208
2014-05;Données définitives;Bourgogne-Franche-Comté;138;1565;-1427
2014-05;Données définitives;Bretagne;201;1567;-1371
2014-05;Données définitives;Centre-Val de Loire;6405;1349;5056
2014-05;Données définitives;France;41872;34695;6255
2014-05;Données définitives;Ile-de-France;179;5279;-5100
2014-05;Données définitives;Occitanie;2500;2526;-263
2014-05;Données définitives;Normandie;6679;2037;4641
2014-05;Données définitives;Hauts-de-France;2940;3955;-1015
2014-05;Données définitives;PACA;1424;2948;-1531
2014-05;Données définitives;Pays-de-la-Loire;338;1920;-1581
2014-06;Données consolidées;Grand-Est;7289;3275;3920
2014-06;Données définitives;Nouvelle-Aquitaine;4574;2930;1644
2014-06;Données définitives;Auvergne-Rhône-Alpes;8705;4621;3801
2014-06;Données définitives;Bourgogne-Franche-Comté;92;1446;-1353
2014-06;Données définitives;Bretagne;168;1428;-1264
2014-06;Données définitives;Centre-Val de Loire;6035;1234;4800
2014-06;Données définitives;France;39366;32608;5967
2014-06;Données définitives;Ile-de-France;149;4815;-4666
2014-06;Données définitives;Occitanie;2192;2484;-534
2014-06;Données définitives;Normandie;6237;1844;4392
2014-06;Données définitives;Hauts-de-France;2472;3669;-1197
2014-06;Données définitives;PACA;1042;2901;-1866
2014-06;Données définitives;Pays-de-la-Loire;309;1809;-1500
2014-07;Données consolidées;Grand-Est;8924;3346;5465
2014-07;Données définitives;Nouvelle-Aquitaine;3973;3123;850
2014-07;Données définitives;Auvergne-Rhône-Alpes;9473;4823;4305
2014-07;Données définitives;Bourgogne-Franche-Comté;152;1499;-1346
2014-07;Données définitives;Bretagne;163;1501;-1343
2014-07;Données définitives;Centre-Val de Loire;6305;1289;5016
2014-07;Données définitives;France;42722;33935;7928
2014-07;Données définitives;Ile-de-France;126;4889;-4763
2014-07;Données définitives;Occitanie;2245;2585;-535
2014-07;Données définitives;Normandie;6817;1900;4916
2014-07;Données définitives;Hauts-de-France;2837;3740;-903
2014-07;Données définitives;PACA;1313;3167;-1861
2014-07;Données définitives;Pays-de-la-Loire;267;1894;-1627
2014-08;Données consolidées;Grand-Est;8625;2952;5562
2014-08;Données définitives;Nouvelle-Aquitaine;2682;2893;-210
2014-08;Données définitives;Auvergne-Rhône-Alpes;9052;4299;4447
2014-08;Données définitives;Bourgogne-Franche-Comté;142;1290;-1147
2014-08;Données définitives;Bretagne;171;1437;-1270
2014-08;Données définitives;Centre-Val de Loire;5330;1170;4160
2014-08;Données définitives;France;39407;31004;7606
2014-08;Données définitives;Ile-de-France;116;4355;-4238
2014-08;Données définitives;Occitanie;2165;2497;-557
2014-08;Données définitives;Normandie;6515;1793;4721
2014-08;Données définitives;Hauts-de-France;3188;3393;-204
2014-08;Données définitives;PACA;1088;3044;-1959
2014-08;Données définitives;Pays-de-la-Loire;198;1693;-1495
2014-09;Données consolidées;Grand-Est;8938;3345;5497
2014-09;Données définitives;Nouvelle-Aquitaine;3237;2961;275
2014-09;Données définitives;Auvergne-Rhône-Alpes;9236;4716;4209
2014-09;Données définitives;Bourgogne-Franche-Comté;135;1480;-1344
2014-09;Données définitives;Bretagne;135;1476;-1344
2014-09;Données définitives;Centre-Val de Loire;4875;1296;3579
2014-09;Données définitives;France;39183;33266;5121
2014-09;Données définitives;Ile-de-France;214;4874;-4659
2014-09;Données définitives;Occitanie;2290;2551;-452
2014-09;Données définitives;Normandie;5686;1899;3787
2014-09;Données définitives;Hauts-de-France;2951;3783;-831
2014-09;Données définitives;PACA;950;2922;-1972
2014-09;Données définitives;Pays-de-la-Loire;419;1806;-1386
2014-10;Données consolidées;Grand-Est;8992;3741;5142
2014-10;Données définitives;Nouvelle-Aquitaine;3333;3150;183
2014-10;Données définitives;Auvergne-Rhône-Alpes;9205;5085;3755
2014-10;Données définitives;Bourgogne-Franche-Comté;108;1669;-1561
2014-10;Données définitives;Bretagne;204;1643;-1443
2014-10;Données définitives;Centre-Val de Loire;5793;1461;4331
2014-10;Données définitives;France;41312;36301;4108
2014-10;Données définitives;Ile-de-France;287;5535;-5248
2014-10;Données définitives;Occitanie;1692;2549;-1083
2014-10;Données définitives;Normandie;6284;2150;4133
2014-10;Données définitives;Hauts-de-France;3759;4179;-419
2014-10;Données définitives;PACA;1127;2996;-1869
2014-10;Données définitives;Pays-de-la-Loire;426;1987;-1561
2014-11;Données consolidées;Grand-Est;10023;4011;5925
2014-11;Données définitives;Nouvelle-Aquitaine;4133;3592;540
2014-11;Données définitives;Auvergne-Rhône-Alpes;9949;5643;3909
2014-11;Données définitives;Bourgogne-Franche-Comté;196;1807;-1611
2014-11;Données définitives;Bretagne;267;1899;-1635
2014-11;Données définitives;Centre-Val de Loire;7382;1644;5738
2014-11;Données définitives;France;47114;40617;5573
2014-11;Données définitives;Ile-de-France;430;6255;-5824
2014-11;Données définitives;Occitanie;1845;2940;-1310
2014-11;Données définitives;Normandie;6253;2435;3817
2014-11;Données définitives;Hauts-de-France;4341;4514;-173
2014-11;Données définitives;PACA;1523;3430;-1912
2014-11;Données définitives;Pays-de-la-Loire;657;2278;-1620
2014-12;Données consolidées;Grand-Est;10865;4500;6258
2014-12;Données définitives;Nouvelle-Aquitaine;4968;4600;368
2014-12;Données définitives;Auvergne-Rhône-Alpes;10687;6705;3657
2014-12;Données définitives;Bourgogne-Franche-Comté;216;2043;-1827
2014-12;Données définitives;Bretagne;311;2318;-2011
2014-12;Données définitives;Centre-Val de Loire;8745;2109;6635
2014-12;Données définitives;France;54731;49350;4535
2014-12;Données définitives;Ile-de-France;600;7847;-7246
2014-12;Données définitives;Occitanie;3007;3947;-1128
2014-12;Données définitives;Normandie;7635;2927;4708
2014-12;Données définitives;Hauts-de-France;4885;5151;-266
2014-12;Données définitives;PACA;1944;4191;-2249
2014-12;Données définitives;Pays-de-la-Loire;725;2835;-2109
2015-01;Données consolidées;Grand-Est;11030;4770;6145
2015-01;Données définitives;Nouvelle-Aquitaine;4861;4952;-91
2015-01;Données définitives;Auvergne-Rhône-Alpes;12696;7123;5249
2015-01;Données définitives;Bourgogne-Franche-Comté;312;2137;-1825
2015-01;Données définitives;Bretagne;353;2462;-2113
2015-01;Données définitives;Centre-Val de Loire;8787;2177;6609
2015-01;Données définitives;France;58310;52536;4922
2015-01;Données définitives;Ile-de-France;602;8361;-7758
2015-01;Données définitives;Occitanie;3322;4219;-1091
2015-01;Données définitives;Normandie;8002;3048;4953
2015-01;Données définitives;Hauts-de-France;5262;5473;-211
2015-01;Données définitives;PACA;1965;4519;-2559
2015-01;Données définitives;Pays-de-la-Loire;957;3051;-2093
2015-02;Données consolidées;Grand-Est;9031;4405;4528
2015-02;Données définitives;Nouvelle-Aquitaine;4174;4573;-399
2015-02;Données définitives;Auvergne-Rhône-Alpes;11739;6683;4814
2015-02;Données définitives;Bourgogne-Franche-Comté;290;2000;-1710
2015-02;Données définitives;Bretagne;322;2342;-2024
2015-02;Données définitives;Centre-Val de Loire;7988;2034;5954
2015-02;Données définitives;France;52143;48676;2807
2015-02;Données définitives;Ile-de-France;687;7579;-6891
2015-02;Données définitives;Occitanie;3460;3947;-600
2015-02;Données définitives;Normandie;6472;2824;3648
2015-02;Données définitives;Hauts-de-France;4933;4976;-43
2015-02;Données définitives;PACA;1906;4222;-2317
2015-02;Données définitives;Pays-de-la-Loire;986;2857;-1870
2015-03;Données consolidées;Grand-Est;7453;4213;3118
2015-03;Données définitives;Nouvelle-Aquitaine;4432;4213;219
2015-03;Données définitives;Auvergne-Rhône-Alpes;11430;6326;4747
2015-03;Données définitives;Bourgogne-Franche-Comté;287;1808;-1520
2015-03;Données définitives;Bretagne;340;2224;-1888
2015-03;Données définitives;Centre-Val de Loire;8404;1860;6544
2015-03;Données définitives;France;50683;45739;4103
2015-03;Données définitives;Ile-de-France;594;7242;-6647
2015-03;Données définitives;Occitanie;3665;3450;84
2015-03;Données définitives;Normandie;7003;2713;4290
2015-03;Données définitives;Hauts-de-France;4694;4929;-234
2015-03;Données définitives;PACA;1593;3868;-2276
2015-03;Données définitives;Pays-de-la-Loire;629;2675;-2046
2015-04;Données consolidées;Grand-Est;6724;3598;3002
2015-04;Données définitives;Nouvelle-Aquitaine;3988;3278;709
2015-04;Données définitives;Auvergne-Rhône-Alpes;10103;5283;4439
2015-04;Données définitives;Bourgogne-Franche-Comté;203;1670;-1467
2015-04;Données définitives;Bretagne;200;1712;-1517
2015-04;Données définitives;Centre-Val de Loire;6245;1438;4807
2015-04;Données définitives;France;41509;36898;3896
2015-04;Données définitives;Ile-de-France;149;5540;-5391
2015-04;Données définitives;Occitanie;3165;2686;461
2015-04;Données définitives;Normandie;6006;2184;3821
2015-04;Données définitives;Hauts-de-France;3220;4171;-951
2015-04;Données définitives;PACA;1144;3096;-1952
2015-04;Données définitives;Pays-de-la-Loire;227;2074;-1847
2015-05;Données consolidées;Grand-Est;8188;3357;4706
2015-05;Données définitives;Nouvelle-Aquitaine;2872;2959;-87
2015-05;Données définitives;Auvergne-Rhône-Alpes;10145;4839;4922
2015-05;Données définitives;Bourgogne-Franche-Comté;196;1491;-1295
2015-05;Données définitives;Bretagne;208;1587;-1383
2015-05;Données définitives;Centre-Val de Loire;5743;1308;4434
2015-05;Données définitives;France;40641;33927;5782
2015-05;Données définitives;Ile-de-France;96;5155;-5059
2015-05;Données définitives;Occitanie;3283;2453;609
2015-05;Données définitives;Normandie;5169;2050;3118
2015-05;Données définitives;Hauts-de-France;3268;3874;-605
2015-05;Données définitives;PACA;1193;2836;-1642
2015-05;Données définitives;Pays-de-la-Loire;175;1872;-1696
2015-06;Données consolidées;Grand-Est;7879;3287;4481
2015-06;Données définitives;Nouvelle-Aquitaine;2631;2970;-338
2015-06;Données définitives;Auvergne-Rhône-Alpes;10056;4848;4891
2015-06;Données définitives;Bourgogne-Franche-Comté;122;1501;-1381
2015-06;Données définitives;Bretagne;196;1471;-1280
2015-06;Données définitives;Centre-Val de Loire;6515;1349;5166
2015-06;Données définitives;France;39927;33256;5865
2015-06;Données définitives;Ile-de-France;104;4889;-4785
2015-06;Données définitives;Occitanie;3002;2520;285
2015-06;Données définitives;Normandie;4261;1896;2365
2015-06;Données définitives;Hauts-de-France;3650;3684;-33
2015-06;Données définitives;PACA;1236;2872;-1636
2015-06;Données définitives;Pays-de-la-Loire;164;1810;-1646
2015-07;Données consolidées;Grand-Est;9832;3302;6421
2015-07;Données définitives;Nouvelle-Aquitaine;2927;3278;-350
2015-07;Données définitives;Auvergne-Rhône-Alpes;9703;5124;4350
2015-07;Données définitives;Bourgogne-Franche-Comté;125;1534;-1410
2015-07;Données définitives;Bretagne;183;1509;-1330
2015-07;Données définitives;Centre-Val de Loire;5727;1364;4363
2015-07;Données définitives;France;41695;34912;6055
2015-07;Données définitives;Ile-de-France;105;4903;-4798
2015-07;Données définitives;Occitanie;2727;2862;-311
2015-07;Données définitives;Normandie;5060;1895;3165
2015-07;Données définitives;Hauts-de-France;3879;3645;233
2015-07;Données définitives;PACA;1106;3395;-2288
2015-07;Données définitives;Pays-de-la-Loire;166;1896;-1729
2015-08;Données consolidées;Grand-Est;8890;2993;5791
2015-08;Données définitives;Nouvelle-Aquitaine;3415;2945;469
2015-08;Données définitives;Auvergne-Rhône-Alpes;9715;4508;4992
2015-08;Données définitives;Bourgogne-Franche-Comté;115;1338;-1227
2015-08;Données définitives;Bretagne;180;1458;-1283
2015-08;Données définitives;Centre-Val de Loire;5885;1212;4673
2015-08;Données définitives;France;38939;31603;6686
2015-08;Données définitives;Ile-de-France;110;4437;-4326
2015-08;Données définitives;Occitanie;1665;2522;-1029
2015-08;Données définitives;Normandie;4730;1764;2966
2015-08;Données définitives;Hauts-de-France;2967;3318;-351
2015-08;Données définitives;PACA;877;3175;-2297
2015-08;Données définitives;Pays-de-la-Loire;244;1736;-1491
2015-09;Données consolidées;Grand-Est;7858;3361;4413
2015-09;Données définitives;Nouvelle-Aquitaine;4082;2971;1111
2015-09;Données définitives;Auvergne-Rhône-Alpes;8018;4797;2973
2015-09;Données définitives;Bourgogne-Franche-Comté;165;1530;-1368
2015-09;Données définitives;Bretagne;187;1499;-1316
2015-09;Données définitives;Centre-Val de Loire;6810;1292;5517
2015-09;Données définitives;France;39078;33521;5005
2015-09;Données définitives;Ile-de-France;111;4957;-4845
2015-09;Données définitives;Occitanie;1662;2406;-820
2015-09;Données définitives;Normandie;5042;1964;3078
2015-09;Données définitives;Hauts-de-France;3371;3813;-441
2015-09;Données définitives;PACA;1160;2929;-1768
2015-09;Données définitives;Pays-de-la-Loire;495;1842;-1346
2015-10;Données consolidées;Grand-Est;9288;3912;5268
2015-10;Données définitives;Nouvelle-Aquitaine;4848;3509;1339
2015-10;Données définitives;Auvergne-Rhône-Alpes;8797;5606;2892
2015-10;Données définitives;Bourgogne-Franche-Comté;132;1795;-1666
2015-10;Données définitives;Bretagne;194;1755;-1566
2015-10;Données définitives;Centre-Val de Loire;5850;1540;4310
2015-10;Données définitives;France;44511;39170;4693
2015-10;Données définitives;Ile-de-France;135;6041;-5906
2015-10;Données définitives;Occitanie;2719;2801;-124
2015-10;Données définitives;Normandie;5902;2290;3612
2015-10;Données définitives;Hauts-de-France;4014;4363;-348
2015-10;Données définitives;PACA;1823;3228;-1404
2015-10;Données définitives;Pays-de-la-Loire;701;2176;-1474
2015-11;Données consolidées;Grand-Est;10320;4032;6194
2015-11;Données définitives;Nouvelle-Aquitaine;5034;3658;1375
2015-11;Données définitives;Auvergne-Rhône-Alpes;9258;5829;3141
2015-11;Données définitives;Bourgogne-Franche-Comté;231;1890;-1662
2015-11;Données définitives;Bretagne;339;1844;-1510
2015-11;Données définitives;Centre-Val de Loire;6089;1607;4482
2015-11;Données définitives;France;47560;41085;5736
2015-11;Données définitives;Ile-de-France;464;6252;-5787
2015-11;Données définitives;Occitanie;2815;3114;-458
2015-11;Données définitives;Normandie;6061;2375;3686
2015-11;Données définitives;Hauts-de-France;4541;4506;34
2015-11;Données définitives;PACA;1701;3544;-1842
2015-11;Données définitives;Pays-de-la-Loire;592;2257;-1665
2015-12;Données consolidées;Grand-Est;10730;4132;6480
2015-12;Données définitives;Nouvelle-Aquitaine;5059;4173;886
2015-12;Données définitives;Auvergne-Rhône-Alpes;10027;6269;3304
2015-12;Données définitives;Bourgogne-Franche-Comté;253;2048;-1796
2015-12;Données définitives;Bretagne;428;2041;-1617
2015-12;Données définitives;Centre-Val de Loire;8196;1801;6395
2015-12;Données définitives;France;51764;44727;6143
2015-12;Données définitives;Ile-de-France;450;6778;-6327
2015-12;Données définitives;Occitanie;2744;3566;-1001
2015-12;Données définitives;Normandie;6502;2539;3963
2015-12;Données définitives;Hauts-de-France;5290;4638;651
2015-12;Données définitives;PACA;1376;3985;-2609
2015-12;Données définitives;Pays-de-la-Loire;573;2536;-1962
2016-01;Données consolidées;Grand-Est;11304;4741;6447
2016-01;Données définitives;Nouvelle-Aquitaine;5627;4510;1117
2016-01;Données définitives;Auvergne-Rhône-Alpes;11918;6913;4538
2016-01;Données définitives;Bourgogne-Franche-Comté;330;2234;-1905
2016-01;Données définitives;Bretagne;421;2388;-1972
2016-01;Données définitives;Centre-Val de Loire;8835;2037;6797
2016-01;Données définitives;France;55982;50161;4876
2016-01;Données définitives;Ile-de-France;478;7798;-7319
2016-01;Données définitives;Occitanie;3268;3929;-829
2016-01;Données définitives;Normandie;6117;2968;3149
2016-01;Données définitives;Hauts-de-France;5231;5203;27
2016-01;Données définitives;PACA;1412;4320;-2908
2016-01;Données définitives;Pays-de-la-Loire;880;2881;-2001
2016-02;Données consolidées;Grand-Est;9739;4385;5253
2016-02;Données définitives;Nouvelle-Aquitaine;4833;4240;592
2016-02;Données définitives;Auvergne-Rhône-Alpes;11716;6482;4884
2016-02;Données définitives;Bourgogne-Franche-Comté;364;2072;-1709
2016-02;Données définitives;Bretagne;393;2233;-1843
2016-02;Données définitives;Centre-Val de Loire;8209;1909;6299
2016-02;Données définitives;France;51979;46440;4759
2016-02;Données définitives;Ile-de-France;452;7125;-6673
2016-02;Données définitives;Occitanie;3391;3621;-386
2016-02;Données définitives;Normandie;6271;2764;3506
2016-02;Données définitives;Hauts-de-France;4273;4852;-578
2016-02;Données définitives;PACA;1501;3865;-2364
2016-02;Données définitives;Pays-de-la-Loire;683;2681;-1997
2016-03;Données consolidées;Grand-Est;9692;4478;5124
2016-03;Données définitives;Nouvelle-Aquitaine;4790;4304;485
2016-03;Données définitives;Auvergne-Rhône-Alpes;10834;6641;3895
2016-03;Données définitives;Bourgogne-Franche-Comté;326;2116;-1791
2016-03;Données définitives;Bretagne;398;2296;-1902
2016-03;Données définitives;Centre-Val de Loire;7852;1906;5946
2016-03;Données définitives;France;52037;47270;4026
2016-03;Données définitives;Ile-de-France;442;7257;-6814
2016-03;Données définitives;Occitanie;3711;3674;-110
2016-03;Données définitives;Normandie;6399;2837;3562
2016-03;Données définitives;Hauts-de-France;4953;4904;49
2016-03;Données définitives;PACA;1745;3889;-2143
2016-03;Données définitives;Pays-de-la-Loire;736;2752;-2015
2016-04;Données consolidées;Grand-Est;8958;3810;5071
2016-04;Données définitives;Nouvelle-Aquitaine;3920;3581;338
2016-04;Données définitives;Auvergne-Rhône-Alpes;9636;5431;3900
2016-04;Données définitives;Bourgogne-Franche-Comté;209;1734;-1525
2016-04;Données définitives;Bretagne;211;1918;-1711
2016-04;Données définitives;Centre-Val de Loire;6143;1537;4605
2016-04;Données définitives;France;43190;39102;3503
2016-04;Données définitives;Ile-de-France;130;5950;-5819
2016-04;Données définitives;Occitanie;3463;2904;541
2016-04;Données définitives;Normandie;4759;2437;2322
2016-04;Données définitives;Hauts-de-France;3473;4205;-731
2016-04;Données définitives;PACA;1749;3091;-1341
2016-04;Données définitives;Pays-de-la-Loire;418;2341;-1922
2016-05;Données consolidées;Grand-Est;8016;3478;4439
2016-05;Données définitives;Nouvelle-Aquitaine;4132;3091;1041
2016-05;Données définitives;Auvergne-Rhône-Alpes;9792;4974;4511
2016-05;Données définitives;Bourgogne-Franche-Comté;238;1598;-1360
2016-05;Données définitives;Bretagne;185;1562;-1381
2016-05;Données définitives;Centre-Val de Loire;5971;1316;4655
2016-05;Données définitives;France;40641;34746;5025
2016-05;Données définitives;Ile-de-France;140;5272;-5131
2016-05;Données définitives;Occitanie;2752;2612;-71
2016-05;Données définitives;Normandie;4533;2024;2508
2016-05;Données définitives;Hauts-de-France;3172;3802;-629
2016-05;Données définitives;PACA;1419;2919;-1500
2016-05;Données définitives;Pays-de-la-Loire;172;1940;-1768
2016-06;Données consolidées;Grand-Est;7615;3273;4254
2016-06;Données définitives;Nouvelle-Aquitaine;4242;2914;1327
2016-06;Données définitives;Auvergne-Rhône-Alpes;8617;4674;3676
2016-06;Données définitives;Bourgogne-Franche-Comté;225;1496;-1271
2016-06;Données définitives;Bretagne;151;1458;-1311
2016-06;Données définitives;Centre-Val de Loire;5550;1207;4342
2016-06;Données définitives;France;40033;32852;6389
2016-06;Données définitives;Ile-de-France;123;4945;-4821
2016-06;Données définitives;Occitanie;2846;2482;178
2016-06;Données définitives;Normandie;5266;1922;3344
2016-06;Données définitives;Hauts-de-France;3479;3697;-218
2016-06;Données définitives;PACA;1659;2824;-1165
2016-06;Données définitives;Pays-de-la-Loire;146;1802;-1655
2016-07;Données consolidées;Grand-Est;8262;3267;4893
2016-07;Données définitives;Nouvelle-Aquitaine;4031;3187;844
2016-07;Données définitives;Auvergne-Rhône-Alpes;8179;4815;3131
2016-07;Données définitives;Bourgogne-Franche-Comté;135;1497;-1362
2016-07;Données définitives;Bretagne;169;1460;-1296
2016-07;Données définitives;Centre-Val de Loire;4592;1240;3352
2016-07;Données définitives;France;38447;33718;4033
2016-07;Données définitives;Ile-de-France;156;4756;-4599
2016-07;Données définitives;Occitanie;2878;2757;-18
2016-07;Données définitives;Normandie;4964;1935;3029
2016-07;Données définitives;Hauts-de-France;3308;3589;-280
2016-07;Données définitives;PACA;1476;3176;-1700
2016-07;Données définitives;Pays-de-la-Loire;153;1847;-1693
2016-08;Données consolidées;Grand-Est;7725;3042;4582
2016-08;Données définitives;Nouvelle-Aquitaine;3834;3121;712
2016-08;Données définitives;Auvergne-Rhône-Alpes;6788;4435;2089
2016-08;Données définitives;Bourgogne-Franche-Comté;116;1425;-1309
2016-08;Données définitives;Bretagne;191;1439;-1253
2016-08;Données définitives;Centre-Val de Loire;5118;1187;3931
2016-08;Données définitives;France;36034;32132;3212
2016-08;Données définitives;Ile-de-France;123;4449;-4326
2016-08;Données définitives;Occitanie;2755;2759;-168
2016-08;Données définitives;Normandie;4737;1862;2874
2016-08;Données définitives;Hauts-de-France;3252;3347;-95
2016-08;Données définitives;PACA;1097;3080;-1982
2016-08;Données définitives;Pays-de-la-Loire;155;1792;-1637
2016-09;Données consolidées;Grand-Est;8805;3348;5356
2016-09;Données définitives;Nouvelle-Aquitaine;3248;2973;275
2016-09;Données définitives;Auvergne-Rhône-Alpes;6754;4709;1729
2016-09;Données définitives;Bourgogne-Franche-Comté;144;1538;-1394
2016-09;Données définitives;Bretagne;166;1464;-1302
2016-09;Données définitives;Centre-Val de Loire;4970;1225;3744
2016-09;Données définitives;France;36431;33245;2508
2016-09;Données définitives;Ile-de-France;164;4820;-4656
2016-09;Données définitives;Occitanie;2583;2623;-107
2016-09;Données définitives;Normandie;4028;1931;2097
2016-09;Données définitives;Hauts-de-France;3389;3645;-256
2016-09;Données définitives;PACA;1748;2971;-1222
2016-09;Données définitives;Pays-de-la-Loire;320;1833;-1512
2016-10;Données consolidées;Grand-Est;8366;3896;4350
2016-10;Données définitives;Nouvelle-Aquitaine;4209;3409;800
2016-10;Données définitives;Auvergne-Rhône-Alpes;7712;5475;1860
2016-10;Données définitives;Bourgogne-Franche-Comté;176;1803;-1626
2016-10;Données définitives;Bretagne;194;1765;-1575
2016-10;Données définitives;Centre-Val de Loire;6227;1500;4726
2016-10;Données définitives;France;39917;38590;522
2016-10;Données définitives;Ile-de-France;270;5878;-5608
2016-10;Données définitives;Occitanie;2725;2828;-200
2016-10;Données définitives;Normandie;4055;2297;1758
2016-10;Données définitives;Hauts-de-France;3159;4235;-1076
2016-10;Données définitives;PACA;2086;3148;-1062
2016-10;Données définitives;Pays-de-la-Loire;633;2197;-1563
2016-11;Données consolidées;Grand-Est;9969;4352;5520
2016-11;Données définitives;Nouvelle-Aquitaine;4290;3988;302
2016-11;Données définitives;Auvergne-Rhône-Alpes;7666;6088;1226
2016-11;Données définitives;Bourgogne-Franche-Comté;267;2043;-1777
2016-11;Données définitives;Bretagne;337;2097;-1763
2016-11;Données définitives;Centre-Val de Loire;6724;1784;4939
2016-11;Données définitives;France;45494;44293;413
2016-11;Données définitives;Ile-de-France;638;6866;-6227
2016-11;Données définitives;Occitanie;2857;3335;-603
2016-11;Données définitives;Normandie;5750;2652;3098
2016-11;Données définitives;Hauts-de-France;3833;4763;-930
2016-11;Données définitives;PACA;2156;3610;-1454
2016-11;Données définitives;Pays-de-la-Loire;883;2532;-1648
2016-12;Données consolidées;Grand-Est;9737;4752;4910
2016-12;Données définitives;Nouvelle-Aquitaine;4537;4618;-80
2016-12;Données définitives;Auvergne-Rhône-Alpes;9030;7130;1590
2016-12;Données définitives;Bourgogne-Franche-Comté;246;2333;-2090
2016-12;Données définitives;Bretagne;328;2386;-2063
2016-12;Données définitives;Centre-Val de Loire;8432;2093;6338
2016-12;Données définitives;France;51225;50670;-125
2016-12;Données définitives;Ile-de-France;621;7905;-7283
2016-12;Données définitives;Occitanie;3177;3979;-939
2016-12;Données définitives;Normandie;7360;3012;4347
2016-12;Données définitives;Hauts-de-France;4190;5146;-956
2016-12;Données définitives;PACA;2515;4122;-1607
2016-12;Données définitives;Pays-de-la-Loire;905;2967;-2061
2017-01;Données consolidées;Grand-Est;11174;5307;5784
2017-01;Données définitives;Nouvelle-Aquitaine;4736;5378;-641
2017-01;Données définitives;Auvergne-Rhône-Alpes;11027;8014;2716
2017-01;Données définitives;Bourgogne-Franche-Comté;306;2606;-2303
2017-01;Données définitives;Bretagne;374;2723;-2353
2017-01;Données définitives;Centre-Val de Loire;8841;2376;6464
2017-01;Données définitives;France;57222;57406;-950
2017-01;Données définitives;Ile-de-France;944;8894;-7949
2017-01;Données définitives;Occitanie;3491;4762;-1439
2017-01;Données définitives;Normandie;7275;3308;3967
2017-01;Données définitives;Hauts-de-France;4918;5695;-777
2017-01;Données définitives;PACA;2665;4721;-2058
2017-01;Données définitives;Pays-de-la-Loire;1287;3351;-2063
2017-02;Données consolidées;Grand-Est;9601;4198;5323
2017-02;Données définitives;Nouvelle-Aquitaine;3917;3983;-65
2017-02;Données définitives;Auvergne-Rhône-Alpes;9723;6086;3304
2017-02;Données définitives;Bourgogne-Franche-Comté;292;1988;-1696
2017-02;Données définitives;Bretagne;398;2146;-1752
2017-02;Données définitives;Centre-Val de Loire;7965;1781;6184
2017-02;Données définitives;France;48028;43869;3418
2017-02;Données définitives;Ile-de-France;477;6669;-6191
2017-02;Données définitives;Occitanie;3020;3433;-624
2017-02;Données définitives;Normandie;5423;2626;2797
2017-02;Données définitives;Hauts-de-France;4370;4618;-248
2017-02;Données définitives;PACA;1660;3559;-1904
2017-02;Données définitives;Pays-de-la-Loire;1026;2576;-1550
2017-03;Données consolidées;Grand-Est;8133;4123;3945
2017-03;Données définitives;Nouvelle-Aquitaine;5253;3900;1352
2017-03;Données définitives;Auvergne-Rhône-Alpes;11154;5969;4819
2017-03;Données définitives;Bourgogne-Franche-Comté;330;1931;-1604
2017-03;Données définitives;Bretagne;421;2051;-1633
2017-03;Données définitives;Centre-Val de Loire;8668;1724;6943
2017-03;Données définitives;France;49750;42723;6249
2017-03;Données définitives;Ile-de-France;425;6447;-6022
2017-03;Données définitives;Occitanie;3032;3273;-464
2017-03;Données définitives;Normandie;5145;2545;2600
2017-03;Données définitives;Hauts-de-France;4547;4564;-16
2017-03;Données définitives;PACA;1887;3476;-1594
2017-03;Données définitives;Pays-de-la-Loire;617;2526;-1909
2017-04;Données consolidées;Grand-Est;6914;3607;3249
2017-04;Données définitives;Nouvelle-Aquitaine;4913;3304;1609
2017-04;Données définitives;Auvergne-Rhône-Alpes;9236;5180;3756
2017-04;Données définitives;Bourgogne-Franche-Comté;176;1681;-1510
2017-04;Données définitives;Bretagne;192;1683;-1495
2017-04;Données définitives;Centre-Val de Loire;7985;1473;6512
2017-04;Données définitives;France;42574;36650;5175
2017-04;Données définitives;Ile-de-France;125;5472;-5346
2017-04;Données définitives;Occitanie;2789;2719;-135
2017-04;Données définitives;Normandie;4701;2227;2474
2017-04;Données définitives;Hauts-de-France;3326;4023;-697
2017-04;Données définitives;PACA;1370;3011;-1645
2017-04;Données définitives;Pays-de-la-Loire;726;2104;-1377
2017-05;Données consolidées;Grand-Est;8201;3480;4659
2017-05;Données définitives;Nouvelle-Aquitaine;4633;3085;1548
2017-05;Données définitives;Auvergne-Rhône-Alpes;8595;5006;3227
2017-05;Données définitives;Bourgogne-Franche-Comté;198;1632;-1440
2017-05;Données définitives;Bretagne;221;1556;-1341
2017-05;Données définitives;Centre-Val de Loire;6628;1323;5305
2017-05;Données définitives;France;41560;35037;5700
2017-05;Données définitives;Ile-de-France;125;5211;-5085
2017-05;Données définitives;Occitanie;3348;2656;477
2017-05;Données définitives;Normandie;3923;2072;1850
2017-05;Données définitives;Hauts-de-France;3528;3876;-347
2017-05;Données définitives;PACA;1473;3007;-1539
2017-05;Données définitives;Pays-de-la-Loire;580;1974;-1394
2017-06;Données consolidées;Grand-Est;8436;3318;5044
2017-06;Données définitives;Nouvelle-Aquitaine;3287;2999;287
2017-06;Données définitives;Auvergne-Rhône-Alpes;8083;4778;3001
2017-06;Données définitives;Bourgogne-Franche-Comté;172;1511;-1344
2017-06;Données définitives;Bretagne;202;1434;-1237
2017-06;Données définitives;Centre-Val de Loire;5199;1282;3916
2017-06;Données définitives;France;37373;33374;3246
2017-06;Données définitives;Ile-de-France;146;4824;-4678
2017-06;Données définitives;Occitanie;2938;2658;124
2017-06;Données définitives;Normandie;3654;1890;1764
2017-06;Données définitives;Hauts-de-France;3293;3629;-336
2017-06;Données définitives;PACA;1506;3028;-1530
2017-06;Données définitives;Pays-de-la-Loire;327;1852;-1524
2017-07;Données consolidées;Grand-Est;9412;3332;6008
2017-07;Données définitives;Nouvelle-Aquitaine;3618;3126;492
2017-07;Données définitives;Auvergne-Rhône-Alpes;8735;4875;3653
2017-07;Données définitives;Bourgogne-Franche-Comté;163;1536;-1377
2017-07;Données définitives;Bretagne;216;1477;-1267
2017-07;Données définitives;Centre-Val de Loire;4870;1291;3578
2017-07;Données définitives;France;38905;33877;4353
2017-07;Données définitives;Ile-de-France;153;4693;-4539
2017-07;Données définitives;Occitanie;1973;2737;-957
2017-07;Données définitives;Normandie;4412;1930;2482
2017-07;Données définitives;Hauts-de-France;3100;3595;-495
2017-07;Données définitives;PACA;1504;3210;-1709
2017-07;Données définitives;Pays-de-la-Loire;599;1878;-1278
2017-08;Données consolidées;Grand-Est;7202;3022;4099
2017-08;Données définitives;Nouvelle-Aquitaine;3496;3067;428
2017-08;Données définitives;Auvergne-Rhône-Alpes;9093;4515;4331
2017-08;Données définitives;Bourgogne-Franche-Comté;137;1373;-1241
2017-08;Données définitives;Bretagne;193;1456;-1268
2017-08;Données définitives;Centre-Val de Loire;5405;1206;4198
2017-08;Données définitives;France;37164;32110;4397
2017-08;Données définitives;Ile-de-France;124;4342;-4218
2017-08;Données définitives;Occitanie;1913;2757;-1009
2017-08;Données définitives;Normandie;4300;1831;2469
2017-08;Données définitives;Hauts-de-France;3773;3375;397
2017-08;Données définitives;PACA;1133;3186;-2056
2017-08;Données définitives;Pays-de-la-Loire;237;1771;-1533
2017-09;Données consolidées;Grand-Est;7376;3427;3866
2017-09;Données définitives;Nouvelle-Aquitaine;4110;3003;1107
2017-09;Données définitives;Auvergne-Rhône-Alpes;9830;4776;4755
2017-09;Données définitives;Bourgogne-Franche-Comté;189;1543;-1357
2017-09;Données définitives;Bretagne;215;1529;-1319
2017-09;Données définitives;Centre-Val de Loire;4608;1237;3370
2017-09;Données définitives;France;38655;33633;4333
2017-09;Données définitives;Ile-de-France;141;4902;-4760
2017-09;Données définitives;Occitanie;1854;2560;-801
2017-09;Données définitives;Normandie;4199;1971;2228
2017-09;Données définitives;Hauts-de-France;4203;3775;427
2017-09;Données définitives;PACA;1319;2880;-1565
2017-09;Données définitives;Pays-de-la-Loire;493;1868;-1374
2017-10;Données consolidées;Grand-Est;8083;3811;4200
2017-10;Données définitives;Nouvelle-Aquitaine;5224;3235;1988
2017-10;Données définitives;Auvergne-Rhône-Alpes;7221;5158;1663
2017-10;Données définitives;Bourgogne-Franche-Comté;208;1743;-1535
2017-10;Données définitives;Bretagne;202;1688;-1490
2017-10;Données définitives;Centre-Val de Loire;4693;1398;3295
2017-10;Données définitives;France;39700;36615;2171
2017-10;Données définitives;Ile-de-France;170;5452;-5281
2017-10;Données définitives;Occitanie;2759;2701;-134
2017-10;Données définitives;Normandie;4198;2181;2017
2017-10;Données définitives;Hauts-de-France;4082;4106;-23
2017-10;Données définitives;PACA;1761;2942;-1188
2017-10;Données définitives;Pays-de-la-Loire;991;2047;-1056
2017-11;Données consolidées;Grand-Est;8932;4334;4516
2017-11;Données définitives;Nouvelle-Aquitaine;5468;4173;1294
2017-11;Données définitives;Auvergne-Rhône-Alpes;6629;6331;-46
2017-11;Données définitives;Bourgogne-Franche-Comté;306;2087;-1780
2017-11;Données définitives;Bretagne;333;2104;-1775
2017-11;Données définitives;Centre-Val de Loire;5756;1796;3960
2017-11;Données définitives;France;44983;44960;-826
2017-11;Données définitives;Ile-de-France;573;6740;-6166
2017-11;Données définitives;Occitanie;3054;3615;-728
2017-11;Données définitives;Normandie;5725;2602;3123
2017-11;Données définitives;Hauts-de-France;4721;4748;-26
2017-11;Données définitives;PACA;2222;3673;-1454
2017-11;Données définitives;Pays-de-la-Loire;1134;2559;-1425
2017-12;Données consolidées;Grand-Est;10562;4654;5824
2017-12;Données définitives;Nouvelle-Aquitaine;5786;4832;953
2017-12;Données définitives;Auvergne-Rhône-Alpes;9369;7226;1767
2017-12;Données définitives;Bourgogne-Franche-Comté;414;2309;-1898
2017-12;Données définitives;Bretagne;480;2432;-1957
2017-12;Données définitives;Centre-Val de Loire;7317;2091;5226
2017-12;Données définitives;France;53317;51754;682
2017-12;Données définitives;Ile-de-France;554;7672;-7118
2017-12;Données définitives;Occitanie;3244;4472;-1445
2017-12;Données définitives;Normandie;7090;2966;4124
2017-12;Données définitives;Hauts-de-France;5515;5331;184
2017-12;Données définitives;PACA;1844;4584;-2744
2017-12;Données définitives;Pays-de-la-Loire;970;2925;-1954
2018-01;Données consolidées;Grand-Est;10424;4533;5789
2018-01;Données définitives;Nouvelle-Aquitaine;6138;4512;1626
2018-01;Données définitives;Auvergne-Rhône-Alpes;11959;6776;4731
2018-01;Données définitives;Bourgogne-Franche-Comté;520;2160;-1640
2018-01;Données définitives;Bretagne;541;2375;-1839
2018-01;Données définitives;Centre-Val de Loire;7825;1956;5869
2018-01;Données définitives;France;56859;48807;7004
2018-01;Données définitives;Ile-de-France;409;7062;-6652
2018-01;Données définitives;Occitanie;3907;3984;-303
2018-01;Données définitives;Normandie;7194;2900;4294
2018-01;Données définitives;Hauts-de-France;5717;5480;237
2018-01;Données définitives;PACA;1417;4031;-2622
2018-01;Données définitives;Pays-de-la-Loire;651;2814;-2163
2018-02;Données consolidées;Grand-Est;9846;4601;5185
2018-02;Données définitives;Nouvelle-Aquitaine;5519;4732;787
2018-02;Données définitives;Auvergne-Rhône-Alpes;10552;6918;3382
2018-02;Données définitives;Bourgogne-Franche-Comté;390;2222;-1833
2018-02;Données définitives;Bretagne;446;2424;-1981
2018-02;Données définitives;Centre-Val de Loire;7201;2092;5109
2018-02;Données définitives;France;53803;50236;2755
2018-02;Données définitives;Ile-de-France;461;7693;-7231
2018-02;Données définitives;Occitanie;3903;4171;-432
2018-02;Données définitives;Normandie;6452;2957;3495
2018-02;Données définitives;Hauts-de-France;5488;5018;469
2018-02;Données définitives;PACA;2379;4208;-1831
2018-02;Données définitives;Pays-de-la-Loire;1002;2959;-1957
2018-03;Données consolidées;Grand-Est;9641;4570;4991
2018-03;Données définitives;Nouvelle-Aquitaine;5142;4400;742
2018-03;Données définitives;Auvergne-Rhône-Alpes;10578;6747;3479
2018-03;Données définitives;Bourgogne-Franche-Comté;418;2180;-1764
2018-03;Données définitives;Bretagne;486;2411;-1928
2018-03;Données définitives;Centre-Val de Loire;7569;1916;5653
2018-03;Données définitives;France;52493;48484;3101
2018-03;Données définitives;Ile-de-France;501;7441;-6940
2018-03;Données définitives;Occitanie;4115;3867;60
2018-03;Données définitives;Normandie;5655;2894;2761
2018-03;Données définitives;Hauts-de-France;5085;4935;150
2018-03;Données définitives;PACA;2174;4058;-1885
2018-03;Données définitives;Pays-de-la-Loire;943;2829;-1886
2018-04;Données consolidées;Grand-Est;7567;3494;4003
2018-04;Données définitives;Nouvelle-Aquitaine;3997;3264;733
2018-04;Données définitives;Auvergne-Rhône-Alpes;9425;5141;3873
2018-04;Données définitives;Bourgogne-Franche-Comté;263;1618;-1360
2018-04;Données définitives;Bretagne;239;1758;-1522
2018-04;Données définitives;Centre-Val de Loire;6412;1373;5038
2018-04;Données définitives;France;42705;36236;5597
2018-04;Données définitives;Ile-de-France;122;5297;-5175
2018-04;Données définitives;Occitanie;3609;2875;554
2018-04;Données définitives;Normandie;5440;2187;3252
2018-04;Données définitives;Hauts-de-France;3501;3843;-342
2018-04;Données définitives;PACA;1589;3087;-1498
2018-04;Données définitives;Pays-de-la-Loire;388;2128;-1739
2018-05;Données consolidées;Grand-Est;8307;3343;4897
2018-05;Données définitives;Nouvelle-Aquitaine;4046;3092;953
2018-05;Données définitives;Auvergne-Rhône-Alpes;10106;4876;4878
2018-05;Données définitives;Bourgogne-Franche-Comté;188;1545;-1362
2018-05;Données définitives;Bretagne;213;1534;-1325
2018-05;Données définitives;Centre-Val de Loire;6968;1264;5704
2018-05;Données définitives;France;42701;33949;7851
2018-05;Données définitives;Ile-de-France;128;5005;-4877
2018-05;Données définitives;Occitanie;3218;2706;300
2018-05;Données définitives;Normandie;4247;1944;2302
2018-05;Données définitives;Hauts-de-France;3244;3683;-439
2018-05;Données définitives;PACA;1633;2878;-1247
2018-05;Données définitives;Pays-de-la-Loire;257;1915;-1657
2018-06;Données consolidées;Grand-Est;8156;3272;4821
2018-06;Données définitives;Nouvelle-Aquitaine;3835;2896;939
2018-06;Données définitives;Auvergne-Rhône-Alpes;9853;4716;4872
2018-06;Données définitives;Bourgogne-Franche-Comté;209;1488;-1281
2018-06;Données définitives;Bretagne;189;1445;-1260
2018-06;Données définitives;Centre-Val de Loire;5876;1214;4661
2018-06;Données définitives;France;40680;32553;7357
2018-06;Données définitives;Ile-de-France;126;4764;-4638
2018-06;Données définitives;Occitanie;2692;2543;-46
2018-06;Données définitives;Normandie;4670;1842;2828
2018-06;Données définitives;Hauts-de-France;3058;3530;-471
2018-06;Données définitives;PACA;1652;2853;-1202
2018-06;Données définitives;Pays-de-la-Loire;245;1831;-1585
2018-07;Données consolidées;Grand-Est;7293;3361;3876
2018-07;Données définitives;Nouvelle-Aquitaine;4512;3211;1300
2018-07;Données définitives;Auvergne-Rhône-Alpes;8870;4990;3658
2018-07;Données définitives;Bourgogne-Franche-Comté;147;1529;-1383
2018-07;Données définitives;Bretagne;193;1489;-1300
2018-07;Données définitives;Centre-Val de Loire;6345;1297;5047
2018-07;Données définitives;France;41173;34514;6011
2018-07;Données définitives;Ile-de-France;146;4899;-4753
2018-07;Données définitives;Occitanie;2386;2911;-688
2018-07;Données définitives;Normandie;5530;1901;3629
2018-07;Données définitives;Hauts-de-France;3646;3604;42
2018-07;Données définitives;PACA;1263;3204;-1941
2018-07;Données définitives;Pays-de-la-Loire;698;1915;-1217
2018-08;Données consolidées;Grand-Est;5120;3053;2018
2018-08;Données définitives;Nouvelle-Aquitaine;4335;3123;1212
2018-08;Données définitives;Auvergne-Rhône-Alpes;8232;4561;3400
2018-08;Données définitives;Bourgogne-Franche-Comté;163;1403;-1241
2018-08;Données définitives;Bretagne;174;1466;-1296
2018-08;Données définitives;Centre-Val de Loire;6211;1253;4958
2018-08;Données définitives;France;37215;32384;4142
2018-08;Données définitives;Ile-de-France;140;4386;-4245
2018-08;Données définitives;Occitanie;1814;2843;-1222
2018-08;Données définitives;Normandie;5756;1816;3939
2018-08;Données définitives;Hauts-de-France;3514;3351;162
2018-08;Données définitives;PACA;1064;3134;-2070
2018-08;Données définitives;Pays-de-la-Loire;536;1783;-1246
2018-09;Données consolidées;Grand-Est;7222;3259;3910
2018-09;Données définitives;Nouvelle-Aquitaine;4446;2947;1498
2018-09;Données définitives;Auvergne-Rhône-Alpes;7978;4657;2942
2018-09;Données définitives;Bourgogne-Franche-Comté;229;1479;-1252
2018-09;Données définitives;Bretagne;225;1459;-1238
2018-09;Données définitives;Centre-Val de Loire;5805;1213;4591
2018-09;Données définitives;France;38804;32620;5355
2018-09;Données définitives;Ile-de-France;120;4693;-4573
2018-09;Données définitives;Occitanie;2538;2592;-229
2018-09;Données définitives;Normandie;5831;1918;3913
2018-09;Données définitives;Hauts-de-France;2809;3628;-818
2018-09;Données définitives;PACA;1078;2800;-1721
2018-09;Données définitives;Pays-de-la-Loire;406;1808;-1401
2018-10;Données consolidées;Grand-Est;9011;3779;5152
2018-10;Données définitives;Nouvelle-Aquitaine;4043;3318;724
2018-10;Données définitives;Auvergne-Rhône-Alpes;7868;5260;2210
2018-10;Données définitives;Bourgogne-Franche-Comté;228;1708;-1480
2018-10;Données définitives;Bretagne;246;1746;-1505
2018-10;Données définitives;Centre-Val de Loire;5478;1408;4069
2018-10;Données définitives;France;42305;37052;4371
2018-10;Données définitives;Ile-de-France;135;5533;-5398
2018-10;Données définitives;Occitanie;3025;2813;6
2018-10;Données définitives;Normandie;5394;2246;3148
2018-10;Données définitives;Hauts-de-France;4466;4127;339
2018-10;Données définitives;PACA;1546;2849;-1303
2018-10;Données définitives;Pays-de-la-Loire;755;2108;-1353
2018-11;Données consolidées;Grand-Est;10789;4253;6487
2018-11;Données définitives;Nouvelle-Aquitaine;5293;4042;1250
2018-11;Données définitives;Auvergne-Rhône-Alpes;8152;5962;1771
2018-11;Données définitives;Bourgogne-Franche-Comté;286;1970;-1683
2018-11;Données définitives;Bretagne;408;2138;-1734
2018-11;Données définitives;Centre-Val de Loire;4883;1750;3132
2018-11;Données définitives;France;46396;43814;1679
2018-11;Données définitives;Ile-de-France;481;6759;-6278
2018-11;Données définitives;Occitanie;3291;3403;-307
2018-11;Données définitives;Normandie;4880;2621;2259
2018-11;Données définitives;Hauts-de-France;5135;4732;403
2018-11;Données définitives;PACA;2029;3436;-1407
2018-11;Données définitives;Pays-de-la-Loire;634;2564;-1929
2018-12;Données consolidées;Grand-Est;11229;4370;6814
2018-12;Données définitives;Nouvelle-Aquitaine;5561;4318;1243
2018-12;Données définitives;Auvergne-Rhône-Alpes;11320;6685;4234
2018-12;Données définitives;Bourgogne-Franche-Comté;416;2088;-1675
2018-12;Données définitives;Bretagne;475;2293;-1823
2018-12;Données définitives;Centre-Val de Loire;7256;1980;5276
2018-12;Données définitives;France;53400;47562;5007
2018-12;Données définitives;Ile-de-France;472;7234;-6761
2018-12;Données définitives;Occitanie;3164;3867;-907
2018-12;Données définitives;Normandie;5034;2782;2251
2018-12;Données définitives;Hauts-de-France;5979;4901;1078
2018-12;Données définitives;PACA;1741;4078;-2340
2018-12;Données définitives;Pays-de-la-Loire;608;2736;-2127
2019-01;Données consolidées;Grand-Est;11261;4915;6298
2019-01;Données définitives;Nouvelle-Aquitaine;5630;5098;532
2019-01;Données définitives;Auvergne-Rhône-Alpes;11990;7599;4078
2019-01;Données définitives;Bourgogne-Franche-Comté;377;2407;-2036
2019-01;Données définitives;Bretagne;415;2559;-2149
2019-01;Données définitives;Centre-Val de Loire;8016;2247;5768
2019-01;Données définitives;France;55916;54112;1030
2019-01;Données définitives;Ile-de-France;523;8092;-7568
2019-01;Données définitives;Occitanie;3446;4657;-1354
2019-01;Données définitives;Normandie;4819;3114;1705
2019-01;Données définitives;Hauts-de-France;6311;5381;929
2019-01;Données définitives;PACA;2226;4670;-2449
2019-01;Données définitives;Pays-de-la-Loire;728;3109;-2381
2019-02;Données consolidées;Grand-Est;9089;4150;4898
2019-02;Données définitives;Nouvelle-Aquitaine;5365;4015;1350
2019-02;Données définitives;Auvergne-Rhône-Alpes;10917;6218;4439
2019-02;Données définitives;Bourgogne-Franche-Comté;391;2014;-1628
2019-02;Données définitives;Bretagne;429;2125;-1700
2019-02;Données définitives;Centre-Val de Loire;7991;1817;6173
2019-02;Données définitives;France;50270;44341;5288
2019-02;Données définitives;Ile-de-France;422;6637;-6214
2019-02;Données définitives;Occitanie;2730;3620;-1021
2019-02;Données définitives;Normandie;5123;2611;2512
2019-02;Données définitives;Hauts-de-France;5274;4549;725
2019-02;Données définitives;PACA;1830;3796;-1970
2019-02;Données définitives;Pays-de-la-Loire;560;2564;-2003
2019-03;Données consolidées;Grand-Est;9379;4122;5203
2019-03;Données définitives;Nouvelle-Aquitaine;5388;3893;1494
2019-03;Données définitives;Auvergne-Rhône-Alpes;10421;6063;3990
2019-03;Données définitives;Bourgogne-Franche-Comté;514;1989;-1480
2019-03;Données définitives;Bretagne;538;2111;-1576
2019-03;Données définitives;Centre-Val de Loire;7715;1789;5925
2019-03;Données définitives;France;50556;43223;6565
2019-03;Données définitives;Ile-de-France;445;6472;-6026
2019-03;Données définitives;Occitanie;2714;3323;-736
2019-03;Données définitives;Normandie;5983;2597;3385
2019-03;Données définitives;Hauts-de-France;5359;4664;695
2019-03;Données définitives;PACA;1407;3469;-2070
2019-03;Données définitives;Pays-de-la-Loire;560;2531;-1970
2019-04;Données consolidées;Grand-Est;7936;3711;4182
2019-04;Données définitives;Nouvelle-Aquitaine;4596;3428;1168
2019-04;Données définitives;Auvergne-Rhône-Alpes;8263;5281;2685
2019-04;Données définitives;Bourgogne-Franche-Comté;306;1733;-1433
2019-04;Données définitives;Bretagne;239;1849;-1614
2019-04;Données définitives;Centre-Val de Loire;6821;1482;5339
2019-04;Données définitives;France;42896;38078;4268
2019-04;Données définitives;Ile-de-France;118;5494;-5376
2019-04;Données définitives;Occitanie;3214;3091;80
2019-04;Données définitives;Normandie;5599;2287;3312
2019-04;Données définitives;Hauts-de-France;3955;4081;-126
2019-04;Données définitives;PACA;1322;3264;-1945
2019-04;Données définitives;Pays-de-la-Loire;375;2186;-1810
2019-05;Données consolidées;Grand-Est;6906;3525;3334
2019-05;Données définitives;Nouvelle-Aquitaine;5081;3234;1847
2019-05;Données définitives;Auvergne-Rhône-Alpes;9442;5054;4051
2019-05;Données définitives;Bourgogne-Franche-Comté;278;1669;-1394
2019-05;Données définitives;Bretagne;221;1634;-1417
2019-05;Données définitives;Centre-Val de Loire;6633;1373;5260
2019-05;Données définitives;France;43668;35599;7294
2019-05;Données définitives;Ile-de-France;121;5264;-5142
2019-05;Données définitives;Occitanie;3332;2720;408
2019-05;Données définitives;Normandie;5998;2115;3882
2019-05;Données définitives;Hauts-de-France;3510;3888;-377
2019-05;Données définitives;PACA;1592;2973;-1382
2019-05;Données définitives;Pays-de-la-Loire;420;1972;-1551
2019-06;Données consolidées;Grand-Est;6291;3201;3044
2019-06;Données définitives;Nouvelle-Aquitaine;4770;2957;1813
2019-06;Données définitives;Auvergne-Rhône-Alpes;9849;4625;4927
2019-06;Données définitives;Bourgogne-Franche-Comté;218;1477;-1259
2019-06;Données définitives;Bretagne;209;1484;-1281
2019-06;Données définitives;Centre-Val de Loire;5743;1240;4502
2019-06;Données définitives;France;40213;32571;6977
2019-06;Données définitives;Ile-de-France;120;4748;-4627
2019-06;Données définitives;Occitanie;2668;2549;-75
2019-06;Données définitives;Normandie;5487;1879;3607
2019-06;Données définitives;Hauts-de-France;2904;3516;-611
2019-06;Données définitives;PACA;1526;2926;-1400
2019-06;Données définitives;Pays-de-la-Loire;313;1796;-1482
2019-07;Données consolidées;Grand-Est;6519;3298;3178
2019-07;Données définitives;Nouvelle-Aquitaine;4490;3252;1238
2019-07;Données définitives;Auvergne-Rhône-Alpes;10272;4915;5152
2019-07;Données définitives;Bourgogne-Franche-Comté;196;1529;-1333
2019-07;Données définitives;Bretagne;230;1530;-1306
2019-07;Données définitives;Centre-Val de Loire;5415;1354;4060
2019-07;Données définitives;France;40585;34606;5431
2019-07;Données définitives;Ile-de-France;156;4756;-4599
2019-07;Données définitives;Occitanie;2550;2988;-577
2019-07;Données définitives;Normandie;4796;1907;2889
2019-07;Données définitives;Hauts-de-France;3760;3617;142
2019-07;Données définitives;PACA;1563;3331;-1769
2019-07;Données définitives;Pays-de-la-Loire;488;1931;-1443
2019-08;Données consolidées;Grand-Est;6519;3298;3178
2019-08;Données définitives;Nouvelle-Aquitaine;4490;3252;1238
2019-08;Données définitives;Auvergne-Rhône-Alpes;10272;4915;5152
2019-08;Données définitives;Bourgogne-Franche-Comté;196;1529;-1333
2019-08;Données définitives;Bretagne;230;1530;-1306
2019-08;Données définitives;Centre-Val de Loire;5415;1354;4060
2019-08;Données définitives;France;40585;36606;5431
2019-08;Données définitives;Ile-de-France;156;4756;-4599
2019-08;Données définitives;Occitanie;2550;2988;-577
2019-08;Données définitives;Normandie;4796;1907;2889
2019-08;Données définitives;Hauts-de-France;3760;3617;142
2019-08;Données définitives;PACA;1563;3331;-1769
2019-08;Données définitives;Pays-de-la-Loire;488;1931;-1443
2019-09;Données consolidées;Grand-Est;6519;3298;3178
2019-09;Données définitives;Nouvelle-Aquitaine;4490;3252;1238
2019-09;Données définitives;Auvergne-Rhône-Alpes;10272;4915;5152
2019-09;Données définitives;Bourgogne-Franche-Comté;196;1529;-1333
2019-09;Données définitives;Bretagne;230;1530;-1306
2019-09;Données définitives;Centre-Val de Loire;5415;1354;4060
2019-09;Données définitives;France;40585;38606;5431
2019-09;Données définitives;Ile-de-France;156;4756;-4599
2019-09;Données définitives;Occitanie;2550;2988;-577
2019-09;Données définitives;Normandie;4796;1907;2889
2019-09;Données définitives;Hauts-de-France;3760;3617;142
2019-09;Données définitives;PACA;1563;3331;-1769
2019-09;Données définitives;Pays-de-la-Loire;488;1931;-1443
2019-10;Données consolidées;Grand-Est;6519;3298;3178
2019-10;Données définitives;Nouvelle-Aquitaine;4490;3252;1238
2019-10;Données définitives;Auvergne-Rhône-Alpes;10272;4915;5152
2019-10;Données définitives;Bourgogne-Franche-Comté;196;1529;-1333
2019-10;Données définitives;Bretagne;230;1530;-1306
2019-10;Données définitives;Centre-Val de Loire;5415;1354;4060
2019-10;Données définitives;France;40585;39606;5431
2019-10;Données définitives;Ile-de-France;156;4756;-4599
2019-10;Données définitives;Occitanie;2550;2988;-577
2019-10;Données définitives;Normandie;4796;1907;2889
2019-10;Données définitives;Hauts-de-France;3760;3617;142
2019-10;Données définitives;PACA;1563;3331;-1769
2019-10;Données définitives;Pays-de-la-Loire;488;1931;-1443
2019-11;Données consolidées;Grand-Est;6519;3298;3178
2019-11;Données définitives;Nouvelle-Aquitaine;4490;3252;1238
2019-11;Données définitives;Auvergne-Rhône-Alpes;10272;4915;5152
2019-11;Données définitives;Bourgogne-Franche-Comté;196;1529;-1333
2019-11;Données définitives;Bretagne;230;1530;-1306
2019-11;Données définitives;Centre-Val de Loire;5415;1354;4060
2019-11;Données définitives;France;40585;40606;5431
2019-11;Données définitives;Ile-de-France;156;4756;-4599
2019-11;Données définitives;Occitanie;2550;2988;-577
2019-11;Données définitives;Normandie;4796;1907;2889
2019-11;Données définitives;Hauts-de-France;3760;3617;142
2019-11;Données définitives;PACA;1563;3331;-1769
2019-11;Données définitives;Pays-de-la-Loire;488;1931;-1443
2019-12;Données consolidées;Grand-Est;6519;3298;3178
2019-12;Données définitives;Nouvelle-Aquitaine;4490;3252;1238
2019-12;Données définitives;Auvergne-Rhône-Alpes;10272;4915;5152
2019-12;Données définitives;Bourgogne-Franche-Comté;196;1529;-1333
2019-12;Données définitives;Bretagne;230;1530;-1306
2019-12;Données définitives;Centre-Val de Loire;5415;1354;4060
2019-12;Données définitives;France;40585;41606;5431
2019-12;Données définitives;Ile-de-France;156;4756;-4599
2019-12;Données définitives;Occitanie;2550;2988;-577
2019-12;Données définitives;Normandie;4796;1907;2889
2019-12;Données définitives;Hauts-de-France;3760;3617;142
2019-12;Données définitives;PACA;1563;3331;-1769
2019-12;Données définitives;Pays-de-la-Loire;488;1931;-1443
